"{ ""cells"": [ { ""cell_type"": ""code"", ""execution_count"": 1, ""metadata"": {}, ""outputs"": [], ""source"": [ ""# for basic operations\n"", ""import numpy as np\n"", ""import pandas as pd\n"", ""\n"", ""# for data visualizations\n"", ""import"
"matplotlib.pyplot as plt\n"", ""import seaborn as sns"" ] }, { ""cell_type"": ""code"", ""execution_count"": 2, ""metadata"": {}, ""outputs"": [ { ""data"": { ""text/plain"": [ ""(22000, 14)"" ] }, ""execution_count"": 2, ""metadata"": {}, ""output_type"":"
"""execute_result"" } ], ""source"": [ ""# lets check the head of naukri\n"", ""data = pd.read_csv('NaukriData.csv')\n"", ""\n"", ""# lets check the shape\n"", ""data.shape"" ] }, { ""cell_type"": ""code"", ""execution_count"": 3, ""metadata"": {},"
"""outputs"": [ { ""data"": { ""text/html"": [ """
"\n"", ""\n"", ""\n"", "" \n"", "" \n"", "" \n"", "" \n"", "" \n"", "" \n"", "" \n"", "" \n"", "" \n"", "" \n"", "" \n"", "" \n"", "" \n"", "" \n"", "" \n"", "" \n"", "" \n"", "" \n"", "" \n"", "" \n"", "" \n"", "" \n"", "" \n"", "" \n"", "" \n"", "" \n"", "" \n"", "" \n"", "" \n"", "" \n"", "" \n"", "" \n"", "" \n"", "" \n"", "" \n"", "" \n"", "" \n"", "" \n"", "" \n"","
""" \n"", "" \n"", "" \n"", "" \n"", "" \n"", "" \n"", "" \n"", "" \n"", "" \n"", "" \n"", "" \n"", "" \n"", "" \n"", "" \n"", "" \n"", "" \n"", "" \n"", "" \n"", "" \n"", "" \n"", "" \n"", "" \n"", "" \n"", "" \n"", "" \n"", "" \n"", "" \n"", "" \n"", "" \n"", "" \n"", "" \n"", "" \n"", "" \n"", "" \n"", "" \n"", "" \n"", "" \n"", "" \n"", "" \n"", "" \n"", "" \n"", "" \n"
"\n"", "" \n"", "" \n"", "" \n"", "" \n"", "" \n"", "" \n"", "" \n"", "" \n"", "" \n"", "" \n"", "" \n"", "" \n"", "" \n"", "" \n"", "" \n"", "" \n"", "" \n"", "" \n"", "" \n"", "" \n"", "" \n"", "" \n"", "" \n"", """
"company            education experience industry jobdescription                                   jobid          joblocation_address                  jobtitle          numberofpositions payrate postdate site_name                               skills                           uniq_id"
"UG:"
"Job Description                                                                                       1,50,000 2016-05-"
"B.Tech/B.E. -               Media /                                                                 Walkin Data Entry"
"MM Media                                                     Â Send me                                                                                             -           21"
"0                    Any            0 - 1 yrs    Entertainment                    210516002263 Chennai                   Operator (night       NaN                                           NaN         ITES           43b1963264706853543"
"Pvt Ltd                                                      Jobs like this                                                                                        2,25,000 19:30:00"
"Specialization              / Internet                                                              Shift)"
"Quali...                                                                                              P.A         +0000"
"PG:Any Po..."
"UG:                                                                                                                                               1,50,000"
"Advertising / Job Description                                                                                                     2016-05-"
"B.Tech/B.E. -                                                                                       Work Based                                    -"
"find live                                     PR / MR /       Â Send me                                                                                                         21"
"1                   Any            0 - 0 yrs                                     210516002391 Chennai                   Onhome Based          60.0                    2,50,000              NaN         Marketing      d4c72325e57f89f36481"
"infotech                                      Event           Jobs like this                                                                                                    19:30:00"
"Specialization                                                                                      Part Time.                                    P.A."
"Management Quali...                                                                                                               +0000"
"PG:MBA/PG...                                                                                                                                      20000"
"UG: Any"
"Softtech                                                      Job Description                                                                                       Not         2016-10-"
"Graduate -                  IT-Software /                                                                                                                                           IT Software -"
"Career                                                        Â Send me                                               Pl/sql Developer -                            Disclosed 13"
"2                   Any            4 - 8 yrs    Software                         101016900534 Bengaluru                                       NaN                                           NaN         Application c47df6f4cfdf5b46f1fd71"
"Infosystem                                                    Jobs like this -                                        SQL                                           by          16:20:55"
"Specialization              Services                                                                                                                                                Programming"
"Pvt. Ltd                                                      as ...                                                                                                Recruiter +0000"
"PG:Any P..."
"UG: Any"
"Banking /       Job Description                                                                                       Not         2016-10-"
"Onboard           Graduate -                                                                     Mumbai, Bengaluru,"
"Financial       Â Send me                                               Manager/ad/partner                            Disclosed 13"
"3 HRServices Any                   11 - 15 yrs                                   81016900536 Kolkata, Chennai,                                NaN                                           NaN         Accounts       115d28f140f694dd1cc6"
"Services /      Jobs like this -                                        - Indirect Tax - CA                           by          16:20:55"
"LLP               Specialization                                                                 Coimbator..."
"Broking         Inv...                                                                                                Recruiter +0000"
"PG:CA Do..."
"Spire             UG:"
"Job Description                                                                                       Not         2016-10-"
"Technologies B.Tech/B.E. -                    IT-Software /                                                                                                                                           IT Software -"
"Â Send me                                               JAVA Technical                                Disclosed 13"
"4 and               Any            6 - 8 yrs    Software                         120916002122 Bengaluru                                       4.0                                           NaN         Application a12553fc03bc7bcced8b"
"Jobs like this                                          Lead (6-8 yrs) -                              by          16:20:55"
"Solutions         Specialization              Services                                                                                                                                                Programming"
"Pleas...                                                                                              Recruiter +0000"
"Pvt. Ltd.         PG:Any Po..."
"\n"", """
""" ], ""text/plain"": [ "" company \\\n"", ""0 MM Media Pvt Ltd \n"", ""1 find live infotech \n"", ""2 Softtech Career Infosystem Pvt. Ltd \n"", ""3 Onboard HRServices LLP \n"", ""4 Spire Technologies and Solutions Pvt. Ltd. \n"", ""\n"", """
"education experience \\\n"", ""0 UG: B.Tech/B.E. - Any Specialization PG:Any Po... 0 - 1 yrs \n"", ""1 UG: B.Tech/B.E. - Any Specialization PG:MBA/PG... 0 - 0 yrs \n"", ""2 UG: Any Graduate - Any Specialization PG:Any P... 4 - 8"
"yrs \n"", ""3 UG: Any Graduate - Any Specialization PG:CA Do... 11 - 15 yrs \n"", ""4 UG: B.Tech/B.E. - Any Specialization PG:Any Po... 6 - 8 yrs \n"", ""\n"", "" industry \\\n"", ""0 Media / Entertainment / Internet \n"", ""1 Advertising / PR"
"/ MR / Event Management \n"", ""2 IT-Software / Software Services \n"", ""3 Banking / Financial Services / Broking \n"", ""4 IT-Software / Software Services \n"", ""\n"", "" jobdescription jobid \\\n"", ""0 Job Description Â Send me Jobs"
"like this Quali... 210516002263 \n"", ""1 Job Description Â Send me Jobs like this Quali... 210516002391 \n"", ""2 Job Description Â Send me Jobs like this - as ... 101016900534 \n"", ""3 Job Description Â Send me Jobs like"
"this - Inv... 81016900536 \n"", ""4 Job Description Â Send me Jobs like this Pleas... 120916002122 \n"", ""\n"", "" joblocation_address \\\n"", ""0 Chennai \n"", ""1 Chennai \n"", ""2 Bengaluru \n"", ""3 Mumbai, Bengaluru, Kolkata,"
"Chennai, Coimbator... \n"", ""4 Bengaluru \n"", ""\n"", "" jobtitle numberofpositions \\\n"", ""0 Walkin Data Entry Operator (night Shift) NaN \n"", ""1 Work Based Onhome Based Part Time. 60.0 \n"", ""2 Pl/sql Developer - SQL NaN \n"", ""3"
"Manager/ad/partner - Indirect Tax - CA NaN \n"", ""4 JAVA Technical Lead (6-8 yrs) - 4.0 \n"", ""\n"", "" payrate postdate site_name \\\n"", ""0 1,50,000 - 2,25,000 P.A 2016-05-21 19:30:00 +0000 NaN \n"", ""1 1,50,000 - 2,50,000"
"P.A. 20000 2016-05-21 19:30:00 +0000 NaN \n"", ""2 Not Disclosed by Recruiter 2016-10-13 16:20:55 +0000 NaN \n"", ""3 Not Disclosed by Recruiter 2016-10-13 16:20:55 +0000 NaN \n"", ""4 Not Disclosed by Recruiter 2016-"
"10-13 16:20:55 +0000 NaN \n"", ""\n"", "" skills uniq_id \n"", ""0 ITES 43b19632647068535437c774b6ca6cf8 \n"", ""1 Marketing d4c72325e57f89f364812b5ed5a795f0 \n"", ""2 IT Software - Application Programming"
"c47df6f4cfdf5b46f1fd713ba61b9eba \n"", ""3 Accounts 115d28f140f694dd1cc61c53d03c66ae \n"", ""4 IT Software - Application Programming a12553fc03bc7bcced8b1bb8963f97b4 "" ] }, ""execution_count"": 3, ""metadata"": {},"
"""output_type"": ""execute_result"" } ], ""source"": [ ""# lets check the Head of the Dataset\n"", ""data.head()"" ] }, { ""cell_type"": ""code"", ""execution_count"": 4, ""metadata"": {}, ""outputs"": [ { ""data"": { ""text/plain"": [ ""0 [Chennai]\n"", ""1"
"[Chennai]\n"", ""2 [Bengaluru]\n"", ""3 [Mumbai, Bengaluru, Kolkata, Chennai, Coim...\n"", ""4 [Bengaluru]\n"", ""Name: joblocation_adress, dtype: object"" ] }, ""execution_count"": 4, ""metadata"": {}, ""output_type"": ""execute_result"" } ],"
"""source"": [ ""\n"", ""data['joblocation_adress'] = data['joblocation_address'].str.split(',')\n"", ""pd.set_option('max_rows', 300000)\n"", ""data['joblocation_adress'][:5]"" ] }, { ""cell_type"": ""code"", ""execution_count"": 5, ""metadata"": {},"
"""outputs"": [ { ""data"": { ""text/plain"": [ ""Bengaluru/Bangalore 3775\n"", ""Mumbai 2593\n"", ""Bengaluru/Bangalore 2134\n"", ""Bengaluru 2026\n"", "" Mumbai 1378\n"", ""Chennai 1290\n"", ""Hyderabad / Secunderabad 1246\n"","
"""Hyderabad 1154\n"", ""Mumbai 1067\n"", "" Mumbai 923\n"", "" Chennai 905\n"", ""Delhi 790\n"", ""Noida 777\n"", ""Gurgaon 762\n"", "" Chennai 738\n"", "" Hyderabad / Secunderabad 700\n"", ""Delhi 680\n"", "" Pune 645\n"", "" Delhi 602\n"","
""" Gurgaon 557\n"", ""Name: joblocation_adress, dtype: int64"" ] }, ""execution_count"": 5, ""metadata"": {}, ""output_type"": ""execute_result"" } ], ""source"": [ ""data = data.explode('joblocation_adress')\n"", ""pd.set_option('max_rows',"
"30000)\n"", ""data['joblocation_adress'].value_counts()[:20]"" ] }, { ""cell_type"": ""code"", ""execution_count"": 6, ""metadata"": {}, ""outputs"": [ { ""data"": { ""text/plain"": [ ""Bangalore 9963\n"", ""NCR 8668\n"", ""Mumbai 6403\n"", ""Hyderabad"
"4570\n"", ""Chennai 3373\n"", ""Pune 1227\n"", ""Kolkata 543\n"", ""Ahmedabad 404\n"", ""Chandigarh 189\n"", ""Kochi 140\n"", ""Coimbatore 136\n"", ""Jaipur 131\n"", ""Visakhapatnam 125\n"", ""Surat 106\n"", ""Lucknow 101\n"", ""Vijayawada"
"84\n"", ""Bhubaneshwar 74\n"", ""Trivandrum 69\n"", ""Vadodara 65\n"", ""Indore 63\n"", ""Mangalore 57\n"", ""Thane 48\n"", ""Nagpur 45\n"", ""Bhopal 42\n"", ""Guwahati 39\n"", ""Raipur 32\n"", ""Patna 26\n"", "" haryana 23\n"", "" Mysore 22\n"", """
"Cuttack 21\n"", "" Trichy 19\n"", "" 19\n"", "" Ludhiana 18\n"", "" Kanpur 17\n"", "" Nasik 17\n"", "" Agra 16\n"", "" Kanpur 15\n"", "" Dehradun 15\n"", "" Mysore 14\n"", "" India 14\n"", "" Other City(s) in Uttar Pradesh 14\n"", "" Dehradun 14\n"", """
"Hubli 14\n"", "" Ranchi 14\n"", "" Trichy 13\n"", "" Ranchi 13\n"", "" Madurai 12\n"", ""Patna 12\n"", "" Rohtak 12\n"", "" Karnal 12\n"", "" Ambala 12\n"", "" Belgaum 12\n"", "" Kurukshetra 11\n"", "" mumbai 11\n"", "" Guntur 11\n"", "" Agra 11\n"", """
"Guntur 11\n"", "" Salem 11\n"", "" Vellore 11\n"", "" Nasik 10\n"", "" Hubli 10\n"", "" Panipat 10\n"", "" Ooty 9\n"", "" Bellary 9\n"", "" Mohali 9\n"", "" Nellore 8\n"", "" Jammu 8\n"", "" Vellore 8\n"", "" bangalore 8\n"", "" Udaipur 8\n"", "" gurgaon 8\n"", """
"Ludhiana 8\n"", "" Other City(s) in Gujarat 8\n"", "" Dubai/ UAE 8\n"", "" Belgaum 8\n"", "" Kota 8\n"", "" Madurai 8\n"", "" Pondicherry 8\n"", ""Kanpur 8\n"", "" Kakinada 7\n"", "" Tirupati 7\n"", "" Pondicherry 7\n"", "" Rajkot 7\n"", "" Varanasi 7\n"","
"""Nagpur 7\n"", "" Dadra & Nagar Haveli / Silvassa 7\n"", "" Anantapur 7\n"", "" Salem 7\n"", "" Cuddalore 7\n"", "" Tuticorin 7\n"", "" Haridwar 7\n"", "" Nagercoil 6\n"", "" Tirunelveli 6\n"", "" Bellary 6\n"", "" Aurangabad 6\n"", "" Rajahmundry 6\n"","
""" Haryana Other 6\n"", ""Bhubaneshwar 6\n"", "" Kurnool 6\n"", "" Tumkur 6\n"", "" Warangal 6\n"", ""Ambala 6\n"", "" Meerut 6\n"", "" Karnataka Other 6\n"", "" Kozhikode / Calicut 5\n"", "" IN-MH-Greater Mumbai-Mumbai-Voltas C 5\n"","
"""Aurangabad 5\n"", ""THANE 5\n"", "" Durg 5\n"", "" Karur 5\n"", "" Gandhinagar 5\n"", "" Kerala 5\n"", "" Erode 5\n"", "" Hisar 5\n"", "" Kozhikode 5\n"", "" Andhrapradesh Other 5\n"", "" Meerut 5\n"", "" Tirunelveli 5\n"", "" Bhilai/Bhillai 5\n"", "" noida"
"5\n"", "" Malaysia 5\n"", "" kolkata 5\n"", "" Panjim 5\n"", "" Davangere 5\n"", "" Kota 4\n"", "" Agartala 4\n"", "" Jalandhar 4\n"", "" United States (U.S) 4\n"", ""Chennai Bangalore 4\n"", "" Rohtak 4\n"", "" United States (U.S) 4\n"", "" Dharwad 4\n"","
""" Singapore 4\n"", "" pune 4\n"", "" Hong Kong 4\n"", "" hyderabad 4\n"", ""Mysore 4\n"", ""Chennai Bangalore 4\n"", "" Nizamabad 4\n"", "" Mehsana 4\n"", "" Aurangabad 4\n"", "" delhi 4\n"", "" Moradabad 4\n"", "" Varanasi 4\n"", "" Allahabad"
"4\n"", "" Bhiwadi 4\n"", "" Mohali 4\n"", "" Bharuch 4\n"", "" Singapore 4\n"", "" Haryana 4\n"", "" Amritsar 4\n"", "" Tuticorin 4\n"", "" Nellore 4\n"", "" Haryana Other 4\n"", "" Malappuram 4\n"", "" Hyderabad Kolkata 4\n"", "" Gwalior 4\n"", "" Tirupati"
"4\n"", "" United Kingdom (U.K) 4\n"", "" Anantapur 4\n"", "" Kanchipuram 4\n"", "" Thrissur / Trichur 4\n"", "" Ambala 3\n"", "" Thrissur / Trichur 3\n"", "" Ankleshwar 3\n"", "" Gulbarga 3\n"", "" Manesar 3\n"", "" Dadra and Nagar Haveli 3\n"", """
"Vasco Da Gama 3\n"", "" Nagercoil 3\n"", "" Kanchipuram 3\n"", "" Hosur 3\n"", "" Valsad 3\n"", "" Baddi 3\n"", "" Dharwad 3\n"", "" Vapi 3\n"", "" Davangere 3\n"", "" Lakshadweep 3\n"", ""Indore 3\n"", "" Hosur 3\n"", "" hyderabad 3\n"", "" Warangal"
"3\n"", "" Saudi Arabia 3\n"", "" Ujjain 3\n"", "" New Delhi 3\n"", "" Amritsar 3\n"", "" Japan 3\n"", "" Other City(s) in Andhra Pradesh 3\n"", "" Guntakal 3\n"", "" London 3\n"", "" United Kingdom (U.K) 3\n"", "" indore 3\n"", ""Mysore 3\n"", "" Sonepat"
"3\n"", "" Wayanad 3\n"", "" Jamshedpur 3\n"", "" Thanjavur 3\n"", "" Uttarpradesh Other 3\n"", ""Ludhiana 3\n"", ""Belgaum 3\n"", "" Varanasi / Banaras 3\n"", ""Dehradun 3\n"", "" Gandhidham 3\n"", "" Australia 3\n"", "" Dalhousie 3\n"", """
"Gorakhpur 3\n"", "" Kolar 3\n"", "" Wayanad 3\n"", "" Dahej 3\n"", "" chandigarh 3\n"", "" IN-MH-Greater Mumbai-Mumbai 3\n"", "" Doda 3\n"", "" Jodhpur 3\n"", "" Jodhpur 3\n"", "" Cuttack 3\n"", "" Gulbarga 3\n"", "" Kozhikode / Calicut 3\n"", """
"Erode 2\n"", "" Punjab 2\n"", "" Mumbai PUNE 2\n"", "" Kolhapur 2\n"", "" Dharmasala 2\n"", "" Allahabad 2\n"", "" Panjim/Panaji 2\n"", "" punjab 2\n"", "" Jamnagar 2\n"", "" Bareilly 2\n"", "" Bangalore Hyderabad 2\n"", ""Nellore 2\n"", "" banda"
"2\n"", "" Jamshedpur 2\n"", "" Anand 2\n"", "" Karnal 2\n"", "" Lonavala 2\n"", ""Chennai Mumbai 2\n"", ""Guwahati 2\n"", "" Other City(s) in Har 2\n"", "" Kullu/Manali 2\n"", ""Chennai Mumbai 2\n"", "" Bangalore Kolkata 2\n"", "" Daman & Diu"
"2\n"", "" Vasai 2\n"", ""Mehsana 2\n"", "" MP 2\n"", "" Maharashtra 2\n"", "" Ahmednagar 2\n"", ""mumbai/pune 2\n"", "" Panjim/Panaji 2\n"", "" Hyderabad Kolkata 2\n"", "" Khammam 2\n"", "" Rourkela 2\n"", "" Gujarat 2\n"", "" Kakinada 2\n"", """
"Baddi 2\n"", "" Rourkela 2\n"", ""Sambalpur 2\n"", "" Karimnagar 2\n"", ""Chandrapur 2\n"", "" Kurnool 2\n"", "" Other City(s) in Kerala 2\n"", "" Thrissur 2\n"", "" lucknow 2\n"", "" Other City(s) in Andhra Pradesh 2\n"", "" IN-IN 2\n"", """
"Coimbatore Mumbai 2\n"", "" Haldwani 2\n"", "" Kashipur 2\n"", "" Telangana 2\n"", ""Jamshedpur 2\n"", "" Andhra Pradesh 2\n"", "" Rudrapur 2\n"", "" Mysoru / Mysore 2\n"", "" Other City(s) in Chhattisgarh 2\n"", "" Palakkad 2\n"", "" Agartala"
"2\n"", "" Rajahmundry 2\n"", "" Vapi 2\n"", "" Shimoga 2\n"", "" Other City(s) in Maharashtra 2\n"", "" Bidar 2\n"", "" Uttaranchal Other 2\n"", "" Dhanbad 2\n"", "" Saudi Arabia 2\n"", "" Faizabad 2\n"", "" PUNE Delhi 2\n"", ""Panjim/Panaji 2\n"", """
"khurja 2\n"", ""Hubli 2\n"", "" Mumbai PUNE 2\n"", ""Delhi/NCR 2\n"", "" Solapur 2\n"", "" Bareilly 2\n"", "" Other City(s) in Jammu & Kashmir 2\n"", ""Vadodara/Baroda 2\n"", "" IN-HR-Gurgaon 2\n"", ""Amritsar 2\n"", "" Qatar 2\n"", "" Daman &"
"Diu 2\n"", "" Cuddalore 2\n"", "" Aligarh 2\n"", ""PANVEL 2\n"", "" Goregaon (E) 2\n"", "" Goa Other 2\n"", "" Haryana 2\n"", "" MP 2\n"", "" Karnataka 2\n"", "" Srinagar 2\n"", "" Bhillai 2\n"", "" Rajkot 2\n"", ""Guntur 2\n"", "" Maharashtra 2\n"", "" India"
"2\n"", "" IN-DL-New Delhi 2\n"", "" Vasco Da Gama 2\n"", "" Gujarat 2\n"", "" Shimoga 2\n"", "" Saharanpur 2\n"", "" Kuwait 2\n"", "" Bijnor 2\n"", "" India - Bangalore 2\n"", "" Mathura 2\n"", "" Other City(s) in Punjab 2\n"", "" Cuddapah 2\n"", """
"Kolkata Bangalore 2\n"", "" Ganganagar 1\n"", ""Vasai 1\n"", "" Nellore Kurnool 1\n"", "" Gandhinagar 1\n"", "" Vizag Hyderabad 1\n"", ""Hosur 1\n"", ""Karur 1\n"", "" National Team - Mumbai 1\n"", "" palghar 1\n"", "" Tarapur 1\n"", "" andra 1\n"","
""" Rupnagar 1\n"", "" Kolkata Mumbai 1\n"", "" Houston 1\n"", "" Panipat 1\n"", "" Villupuram Pondy 1\n"", "" Matriculation and Alumni Impact - Pune/Mumbai 1\n"", "" Kollam / Quilon 1\n"", ""Chennai Vizag 1\n"", "" Other City(s) in Bihar"
"1\n"", "" Akola 1\n"", "" Banswara 1\n"", "" Goa 1\n"", "" Rewari 1\n"", "" Hyderabad Mumbai 1\n"", "" Bhiwadi 1\n"", "" Hisar 1\n"", "" Manesar 1\n"", "" Chennai Hyderabad 1\n"", "" Indonesia 1\n"", "" Gorakhpur 1\n"", "" \""primary_state\"":\""Andhra"
"Pradesh 1\n"", "" Velachery Madipakkam 1\n"", ""Trichy 1\n"", "" Orissa 1\n"", "" Yamunanagar 1\n"", "" Bangladesh 1\n"", "" India-Bangalore 1\n"", ""PUNE Mumbai 1\n"", ""Chennai Vijayawada 1\n"", "" Thanjavur 1\n"", "" Silchar 1\n"", "" Udupi"
"1\n"", "" Latur 1\n"", "" Jhansi 1\n"", "" Cuddapah 1\n"", ""Bhiwadi 1\n"", ""Jalandhar 1\n"", ""Manesar 1\n"", "" Salem Tiruppur 1\n"", "" UP 1\n"", "" Other City(s) in Uttar Pradesh 1\n"", "" Jammuandkashmir Othe 1\n"", "" Mauritius 1\n"", """
"MULUND 1\n"", "" Kharagpur 1\n"", "" UP 1\n"", "" Nainital Noida 1\n"", "" Trivandrum Cochin 1\n"", "" India-Mumbai 1\n"", ""Mathura 1\n"", "" Bhiwani 1\n"", "" Jalgaon 1\n"", "" Rajasthan Other 1\n"", ""Haridwar 1\n"", "" Tirupathi Anantapur 1\n"""
""" Asia-India-Greater Mumbai 1\n"", "" NARIMAN POINT. 1\n"", "" Kadapa Kakinada 1\n"", "" Overseas 1\n"", "" Recruitment 1\n"", "" Hospet 1\n"", ""Thrissur / Trichur 1\n"", "" JOB LOCATION: MUMBAI (INDIA) 1\n"", "" 18 1\n"", """
"Madhepura 1\n"", "" Kolkata Hyderabad 1\n"", "" Vikhroli 1\n"", "" Vijayawada Guntur 1\n"", "" Pune (Salunke Vihar) 1\n"", ""Jamshedpur 1\n"", "" India-Gurgaon-Gurgaon 1\n"", ""Rourkela 1\n"", "" OOTY Orchha 1\n"", "" BORIVILLI 1\n"","
"""Moradabad 1\n"", "" Tambaram Perambur 1\n"", "" Kolkata PUNE 1\n"", ""Bangalore Kolkata 1\n"", ""Mumbai PUNE 1\n"", "" VASHI 1\n"", "" Palakkad / Palghat 1\n"", "" IN - KA - Bangalore 1\n"", "" Salem Tiruppur 1\n"", "" Varanasi /"
"Banaras 1\n"", "" Kandla 1\n"", ""Agartala 1\n"", "" Thiruvananthapuram 1\n"", "" Asansol 1\n"", "" Adilabad 1\n"", "" Bhavnagar 1\n"", "" Mumbai Corporate Office 1\n"", "" Other City(s) in Karnataka 1\n"", "" Vikhroli 1\n"", "" Vellore Salem 1\n"","
""" Cincinnati 1\n"", "" Sonepat 1\n"", "" BANDRA 1\n"", ""Rajahmundry 1\n"", "" INDIA - Noida 1\n"", "" Other City(s) in Goa 1\n"", "" Jalandhar and Kolkata â€“ India and Bangladesh 1\n"", "" Mumbai Pune 1\n"", "" Germany 1\n"", ""Bawal"
"1\n"", "" Sri Lanka 1\n"", ""Jodhpur 1\n"", "" Manali Nagpur 1\n"", ""Delhi Bangalore 1\n"", "" Dharuhera 1\n"", ""Vikhroli 1\n"", "" Mussoorie Mysore 1\n"", "" Palakkad / Palghat 1\n"", "" Anywhere India 1\n"", "" Panaji Patna 1\n"", "" Kolhapur"
"1\n"", ""Varanasi 1\n"", ""Ludhiana 1\n"", "" India-Noida 1\n"", ""Dahej 1\n"", "" Shimla 1\n"", "" Dubai/ UAE 1\n"", "" Jharkhand Other 1\n"", ""Kolar 1\n"", "" Gauribidanur 1\n"", ""Manesar 1\n"", "" Srinagar 1\n"", "" Bokaro 1\n"", "" Quilon 1\n"", """
"Amravati 1\n"", "" Other City(s) in Kerala 1\n"", "" Chicago 1\n"", "" Gir 1\n"", "" Ganganagar 1\n"", "" Akola 1\n"", "" Thiruvananthapuram 1\n"", ""Agra 1\n"", "" Location: Gurgaon 1\n"", "" THANE 1\n"", ""Mangalore 1\n"", "" Alaska 1\n"", """
"Rajasthan 1\n"", "" Dibrugarh 1\n"", "" Bokaro 1\n"", "" Yamunanagar 1\n"", "" Bangalore PUNE 1\n"", "" morena 1\n"", "" DOMBIVLLI 1\n"", "" Hindupur 1\n"", "" chittoor 1\n"", "" Chennai Coimbatore 1\n"", ""- Chandigarh 1\n"", "" Kalpakkam"
"1\n"", "" Mandi 1\n"", "" thane 1\n"", "" National Team Mumbai 1\n"", ""Dimapur 1\n"", ""Panjim 1\n"", "" gurgaon 1\n"", "" Patiala 1\n"", "" GHATKOPAR 1\n"", "" Dhule 1\n"", "" Ooty 1\n"", ""Bengaluru / Bangalore 1\n"", "" Chennai Kolkata 1\n"","
"""Bharuch 1\n"", "" Muzaffarpur 1\n"", "" Chennai Bangalore 1\n"", "" Bangalore Kolkata 1\n"", "" Bhuj 1\n"", "" India-Karnataka-Bangalore 1\n"", ""IND-Maharashtra-Thane 1\n"", "" Australia 1\n"", "" Indonesia-Jakarta 1\n"", "" Other City(s) in"
"Maharasht 1\n"", "" Bikaner 1\n"", "" Bijnor 1\n"", "" Amstc 1\n"", "" Hospet 1\n"", "" Jalandhar 1\n"", "" Bidar 1\n"", ""primary_city\"":\""Hyderabad\"" 1\n"", "" PUNE Bangalore 1\n"", ""Dadra & Nagar Haveli / Silvassa 1\n"", "" Santacruz 1\n"","
"""Chennai Rajahmundry 1\n"", "" Uttarpradesh Other 1\n"", "" Ajmer 1\n"", "" bolpur 1\n"", "" PUNE Tirunelveli 1\n"", ""Chennai Hyderabad 1\n"", "" Tamilnadu 1\n"", "" airoli 1\n"", "" Erode Cuddalore 1\n"", "" Location: White Field 1\n"","
"""Hyderabad Bangalore 1\n"", "" India; Gurgaon 1\n"", "" Bangalore/Mumbai 1\n"", "" India - Mumbai 1\n"", "" COLABA 1\n"", ""Anantapur 1\n"", "" Bihar 1\n"", ""Tuticorin 1\n"", "" Kashipur 1\n"", "" Andhrapradesh Other 1\n"", ""Kolhapur 1\n"","
"""Vellore 1\n"", "" Angul 1\n"", "" ahmedabad 1\n"", "" Other City(s) in Gujarat 1\n"", "" gujarat 1\n"", "" Aligarh 1\n"", "" Thane(Turbhe) 1\n"", ""Ahmednagar 1\n"", "" Phagwara 1\n"", ""Anantapur 1\n"", ""Itanagar 1\n"", "" IN - DL - New Delhi 1\n"","
"Adilabad 1\n"", ""Salem 1\n"", "" Punjab 1\n"", "" south india 1\n"", "" Rewari 1\n"", ""City 1\n"", "" seoni 1\n"", "" IN-MH-Mumbai-Prism Towers / 31002 1\n"", "" Ankleshwar 1\n"", ""Tirupati 1\n"", "" Davanagere 1\n"", "" Udaipur 1\n"", "" hosur 1\n"","
"""Silchar 1\n"", "" nagpur 1\n"", ""thane 1\n"", "" Neemrana 1\n"", "" Moga 1\n"", "" HR 1\n"", "" Faizabad 1\n"", "" Tirupati Vellore 1\n"", "" Selection 1\n"", ""Faizabad 1\n"", "" Arunachalpradesh Oth 1\n"", "" Noida/ Greater Noida 1\n"", ""Cuttack"
"1\n"", "" Chennai Mumbai 1\n"", "" Pune (Swarga 1\n"", "" Sambalpur 1\n"", "" Buldhana 1\n"", ""Cuddalore 1\n"", "" Jaisalmer 1\n"", "" Raigarh 1\n"", "" Assam 1\n"", "" Baroda 1\n"", "" Haldia 1\n"", "" Kolar 1\n"", "" Schenectady 1\n"", "" Wadala"
"1\n"", "" IND 1\n"", "" Guindy Koyembedu 1\n"", "" GOREGOAN 1\n"", ""Thane 1\n"", ""Jodhpur 1\n"", "" Siliguri 1\n"", "" Cochin 1\n"", ""Mathura Mountabu 1\n"", "" Canada 1\n"", "" Baden 1\n"", "" Rajasthan 1\n"", "" Hyderabad PUNE 1\n"", """
"Tripura Other 1\n"", "" Atlanta 1\n"", "" Alappuzha / Alleppey 1\n"", "" dwarka 1\n"", "" Borivali 1\n"", "" Puri 1\n"", "" Haldia 1\n"", "" INDIA-NOIDA-NOIDA 1\n"", "" Kottayam 1\n"", "" Jajpur Odisha 1\n"", ""Chennai Trichy 1\n"", "" Other City(s) in"
"Tamil Nadu 1\n"", "" Roorkee 1\n"", "" Hindupur 1\n"", "" Kharagpur 1\n"", ""ANDHERI 1\n"", "" Madhyapradesh Other 1\n"", ""Panjim 1\n"", "" Chennai Hyderabad 1\n"", ""Name: joblocation_adress, dtype: int64"" ] }, ""execution_count"": 6,"
"""metadata"": {}, ""output_type"": ""execute_result"" } ], ""source"": [ ""\n"", ""data['joblocation_adress'] = data['joblocation_adress'].replace(('(Bengaluru/Bangalore)',' Bangalore',\n"", "" ' Bangalore ','Bangalore ','Bengaluru/Bangalore"
"',\n"", "" ' Bengaluru/Bangalore ',' Bengaluru/Bangalore',\n"", "" 'Bengaluru/Bangalore','Bengaluru','NCR Bangalore',\n"", "" 'NCR Bangalore ','Near Bangalore', ' Bengaluru/Bangalore',\n"", "" ' Bengaluru/Bangalore ', ' Bengaluru',\n"","
""" 'Bangalore , Bangalore / Bangalore',\n"", "" 'Bangalore , karnataka',' Bengaluru / Bangalore', \n"", "" ' Bengaluru / Bangalore ', 'Bengaluru Bangalore',\n"", "" 'India-Karnataka-Bangalore',' bangalore',' karnataka',\n"", "" ' Bengaluru"
"Bangalore'),\n"", "" ('Bangalore','Bangalore','Bangalore','Bangalore','Bangalore',\n"", "" 'Bangalore','Bangalore','Bangalore','Bangalore','Bangalore',\n"", "" 'Bangalore','Bangalore','Bangalore','Bangalore','Bangalore',\n"", """
"'Bangalore','Bangalore', 'Bangalore','Bangalore','Bangalore',\n"", "" 'Bangalore','Bangalore','Bangalore','Bangalore',))\n"", "" \n"", ""data['joblocation_adress'] = data['joblocation_adress'].replace(('Hyderabad / Secunderabad','"
"Hyderabad / Secunderabad',\n"", "" ' Hyderabad / Secunderabad ','Hyderabad / Secunderabad ',\n"", "" ' Hyderabad','Hyderabad ',' Hyderabad ',\n"", "" 'Hyderabad/Secunderabad','Hyderabad/Secunderabad ',\n"", "" '"
"Hyderabad/Secunderabad ',' Hyderabad/Secunderabad',),\n"", "" ('Hyderabad', 'Hyderabad','Hyderabad','Hyderabad',\n"", "" 'Hyderabad', 'Hyderabad','Hyderabad','Hyderabad',\n"", "" 'Hyderabad','Hyderabad','Hyderabad'))\n"","
"""\n"", ""\n"", "" \n"", ""data['joblocation_adress'] = data['joblocation_adress'].replace(('NAVI MUMBAI',' NAVI MUMBAI','NAVI MUMBAI ',\n"", "" ' NAVI MUMBAI',' NAVI MUMBAI ','Mumbai , Mumbai',\n"", "" ' Mumbai',' Mumbai"
"','Mumbai ','mumbai','Navi Mumbai',\n"", "" ' Navi Mumbai',' Navi Mumbai ','Navi Mumbai ', \n"", "" ' Mumbai Suburbs','Mumbai Suburbs ','Mumbai Suburbs',\n"", "" ' Mumbai Suburbs ','mumbai',' mumbai','mumbai ',\n"", "" '"
"maharashtra'),\n"", "" ('Mumbai','Mumbai','Mumbai','Mumbai','Mumbai','Mumbai',\n"", "" 'Mumbai','Mumbai','Mumbai', 'Mumbai','Mumbai','Mumbai',\n"", "" 'Mumbai','Mumbai','Mumbai','Mumbai','Mumbai','Mumbai','Mumbai',\n"", """
"'Mumbai','Mumbai', 'Mumbai'))\n"", ""\n"", ""data['joblocation_adress'] = data['joblocation_adress'].replace(('Noida','Noida ',' Noida',' Delhi','Delhi','Delhi ',' Delhi ',\n"", "" 'Gurgaon',' Gurgaon',' Gurgaon ','Gurgaon ', ' noida',\n"", "" '"
"Noida/Greater Noida',' Noida ', ' Delhi NCR',\n"", "" 'Delhi/NCR(National Capital Region)',' Delhi/NCR ',\n"", "" ' Delhi/NCR(National Capital Region)',\n"", "" ' Delhi/NCR(National Capital Region) ',\n"", "" 'Delhi/NCR(National Capital"
"Region) ','Delhi , Delhi',\n"", "" 'Noida , Noida/Greater Noida','Ghaziabad',\n"", "" 'Delhi/NCR(National Capital Region) , Gurgaon',\n"", "" 'NCR , NCR','NCR/NCR(National Capital Region)',\n"", "" 'NCR , NCR/Greater"
"NCR','NCR/NCR(National Capital Region), NCR',\n"", "" 'NCR , NCR/NCR(National Capital Region)',\n"", "" 'NCR/NCR(National Capital Region)','NCR/Greater NCR',\n"", "" 'NCR/NCR(National Capital Region) , NCR','Delhi/NCR"
"',\n"", "" ' Noida/Greater Noida','Greater Noida',' Greater Noida',\n"", "" ' Greater Noida ','Greater Noida ','Ghaziabad',' Ghaziabad',\n"", "" 'Ghaziabad ',' Ghaziabad ','Faridabad','Faridabad ',\n"", "" ' Faridabad',' Faridabad ','"
"Noida/Greater Noida',\n"", "" ' Noida/Greater Noida ',' delhi',' Delhi/NCR','Delhi NCR'\n"", "" ),\n"", "" ('NCR','NCR','NCR','NCR','NCR','NCR','NCR','NCR','NCR','NCR',\n"", """
"'NCR','NCR','NCR','NCR','NCR','NCR','NCR','NCR','NCR','NCR',\n"", "" 'NCR','NCR','NCR','NCR','NCR','NCR', 'NCR','NCR','NCR','NCR',\n"", "" 'NCR','NCR','NCR','NCR','NCR','NCR','NCR','NCR','NCR','NCR',\n"", """
"'NCR','NCR','NCR','NCR','NCR','NCR','NCR','NCR','NCR','NCR',\n"", "" 'NCR'))\n"", ""\n"", ""\n"", ""data['joblocation_adress'] = data['joblocation_adress'].replace(('Chennai ',' Chennai',' Chennai ',' Chennai',\n"", "" 'chennai ',' chennai','"
"chennai ',' chennai',),\n"", "" ('Chennai', 'Chennai','Chennai','Chennai','Chennai',\n"", "" 'Chennai','Chennai','Chennai',))\n"", ""\n"", ""data['joblocation_adress'] = data['joblocation_adress'].replace(('Pune ',' Pune',' Pune '),"
"('Pune','Pune','Pune'))\n"", ""data['joblocation_adress'] = data['joblocation_adress'].replace(('Kolkata ',' Kolkata',' Kolkata ',\n"", "" ' kolkata','kolkata ',' kolkata'),\n"", "" ('Kolkata','Kolkata','Kolkata',\n"", """
"'Kolkata','Kolkata','Kolkata'))\n"", ""data['joblocation_adress'] = data['joblocation_adress'].replace((' Ahmedabad','Ahmedabad ',' Ahmedabad '),('Ahmedabad',\n"", "" 'Ahmedabad','Ahmedabad'))\n"", ""data['joblocation_adress'] ="
"data['joblocation_adress'].replace(('Chandigarh ',' Chandigarh',' Chandigarh '),\n"", "" ('Chandigarh','Chandigarh','Chandigarh'))\n"", ""data['joblocation_adress'] = data['joblocation_adress'].replace(('Surat ',' Surat',' Surat '),\n"", """
"('Surat','Surat','Surat'))\n"", ""data['joblocation_adress'] = data['joblocation_adress'].replace(('Ernakulam / Kochi/ Cochin ', ' Kochi', 'Kochi ',' Kochi ',\n"", "" ' Cochin/ Kochi/ Ernakulam', ' Cochin/ Kochi/ Ernakulam ', \n"", "" '"
"Ernakulam / Kochi/ Cochin',' Ernakulam / Kochi/ Cochin '),\n"", "" ('Kochi','Kochi','Kochi','Kochi','Kochi','Kochi','Kochi',\n"", "" 'Kochi',))\n"", ""data['joblocation_adress'] = data['joblocation_adress'].replace(('Coimbatore ','"
"Coimbatore',' Coimbatore '),\n"", "" ('Coimbatore','Coimbatore','Coimbatore'))\n"", ""data['joblocation_adress'] = data['joblocation_adress'].replace(('Coimbatore ',' Coimbatore',' Coimbatore '),\n"", """
"('Coimbatore','Coimbatore','Coimbatore'))\n"", ""data['joblocation_adress'] = data['joblocation_adress'].replace(('Lucknow ',' Lucknow',' Lucknow '),\n"", "" ('Lucknow','Lucknow','Lucknow'))\n"", ""data['joblocation_adress'] ="
"data['joblocation_adress'].replace(('Jaipur ',' Jaipur',' Jaipur ','jaipur ',' jaipur',\n"", "" ' jaipur '),\n"", "" ('Jaipur','Jaipur','Jaipur','Jaipur','Jaipur','Jaipur'))\n"", ""data['joblocation_adress'] ="
"data['joblocation_adress'].replace(('Vijayawada ',' Vijayawada',' Vijayawada '),\n"", "" ('Vijayawada','Vijayawada','Vijayawada'))\n"", ""data['joblocation_adress'] = data['joblocation_adress'].replace(('Visakhapatnam ','"
"Visakhapatnam',' Visakhapatnam ',\n"", "" 'Visakhapatnam/Vizag ',' Visakhapatnam/Vizag',\n"", "" ' Visakhapatnam/Vizag '),\n"", "" ('Visakhapatnam','Visakhapatnam','Visakhapatnam',\n"", """
"'Visakhapatnam','Visakhapatnam','Visakhapatnam',\n"", "" ))\n"", ""\n"", ""data['joblocation_adress'] = data['joblocation_adress'].replace((' Bhubaneshwar',' Bhubaneshwar',' Bhubaneshwar '),\n"", """
"('Bhubaneshwar','Bhubaneshwar','Bhubaneshwar'))\n"", ""data['joblocation_adress'] = data['joblocation_adress'].replace((' Patna',' Patna',' Patna '),\n"", "" ('Patna','Patna','Patna'))\n"", ""\n"", ""data['joblocation_adress'] ="
"data['joblocation_adress'].replace((' Trivandrum',' Trivandrum',' Trivandrum '),\n"", "" ('Trivandrum','Trivandrum','Trivandrum'))\n"", ""\n"", ""data['joblocation_adress'] = data['joblocation_adress'].replace((' Mangalore',' Mangalore','"
"Mangalore '),\n"", "" ('Mangalore','Mangalore','Mangalore'))\n"", ""data['joblocation_adress'] = data['joblocation_adress'].replace((' Indore',' Indore',' Indore '),\n"", "" ('Indore','Indore','Indore'))\n"", ""data['joblocation_adress'] ="
"data['joblocation_adress'].replace((' Guwahati',' Guwahati',' Guwahati '),\n"", "" ('Guwahati','Guwahati','Guwahati'))\n"", ""data['joblocation_adress'] = data['joblocation_adress'].replace((' Nagpur',' Nagpur',' Nagpur '),\n"", """
"('Nagpur','Nagpur','Nagpur'))\n"", ""data['joblocation_adress'] = data['joblocation_adress'].replace((' Raipur',' Raipur',' Raipur '),\n"", "" ('Raipur','Raipur','Raipur'))\n"", ""data['joblocation_adress'] ="
"data['joblocation_adress'].replace((' Thane',' Thane',' Thane '),\n"", "" ('Thane','Thane','Thane'))\n"", ""data['joblocation_adress'] = data['joblocation_adress'].replace((' Bhopal',' Bhopal',' Bhopal '),\n"", """
"('Bhopal','Bhopal','Bhopal'))\n"", ""data['joblocation_adress'] = data['joblocation_adress'].replace((' Vadodara/Baroda',' Vadodara/Baroda',' Vadodara/Baroda ',\n"", "" ' Vadodara','Vadodara ',' Vadodara '),\n"", """
"('Vadodara','Vadodara','Vadodara','Vadodara',\n"", "" 'Vadodara','Vadodara',))\n"", "" \n"", ""pd.set_option('max_rows', 2400)\n"", ""data['joblocation_adress'].value_counts()"" ] }, { ""cell_type"": ""code"", ""execution_count"": 7, ""metadata"":"
"{}, ""outputs"": [ { ""data"": { ""text/plain"": [ ""Bangalore 9963\n"", ""NCR 8668\n"", ""Mumbai 6403\n"", ""Hyderabad 4570\n"", ""Chennai 3373\n"", ""Pune 1227\n"", ""Kolkata 543\n"", ""Ahmedabad 404\n"", ""Chandigarh 189\n"", ""Kochi 140\n"","
"""Coimbatore 136\n"", ""Jaipur 131\n"", ""Visakhapatnam 125\n"", ""Surat 106\n"", ""Lucknow 101\n"", ""Vijayawada 84\n"", ""Bhubaneshwar 74\n"", ""Trivandrum 69\n"", ""Vadodara 65\n"", ""Indore 63\n"", ""Mangalore 57\n"", ""Thane 48\n"","
"""Nagpur 45\n"", ""Bhopal 42\n"", ""Guwahati 39\n"", ""Raipur 32\n"", ""Patna 26\n"", ""Name: joblocation_adress, dtype: int64"" ] }, ""metadata"": {}, ""output_type"": ""display_data"" }, { ""data"": { ""image/png"":"
"""iVBORw0KGgoAAAANSUhEUgAAAZIAAAFfCAYAAABk9EqQAAAABHNCSVQICAgIfAhkiAAAAAlwSFlzAAALEgAACxIB0t1+/AAAADh0RVh0U29mdHdhcmUAbWF0cGxvdGxpYiB2ZXJzaW9uMy4yLjEsIGh0dHA6Ly9tYXRw"
"""text/plain"": [ """
""
""" ] }, ""metadata"": { ""needs_background"": ""light"" }, ""output_type"": ""display_data"" } ], ""source"": [ ""counts = data['joblocation_adress'].value_counts()\n"", ""data ="
"data.loc[data['joblocation_adress'].isin(counts.index[counts > 25])]\n"", ""display(data['joblocation_adress'].value_counts())\n"", ""\n"", ""sns.countplot(data['joblocation_adress'], palette = 'inferno')\n"", ""plt.title('Locations"
"with Highest Jobs', fontsize = 20)\n"", ""plt.xlabel(' ')\n"", ""plt.xticks(rotation = 90)\n"", ""plt.show()"" ] }, { ""cell_type"": ""code"", ""execution_count"": 8, ""metadata"": {}, ""outputs"": [ { ""data"": { ""text/plain"": [ ""0 0 - 1 yrs\n"", ""1 0 - 0"
"yrs\n"", ""2 4 - 8 yrs\n"", ""3 11 - 15 yrs\n"", ""3 11 - 15 yrs\n"", ""Name: experience, dtype: object"" ] }, ""execution_count"": 8, ""metadata"": {}, ""output_type"": ""execute_result"" } ], ""source"": [ ""data['experience'][:5]"" ] }, {"
"""cell_type"": ""code"", ""execution_count"": 9, ""metadata"": {}, ""outputs"": [], ""source"": [ ""data['experience'] = data['experience'].str.split(\"" \"")\n"", ""data['Min Experience'] = data['experience'].apply(lambda x: x[0])\n"","
"""data['Max Experience'] = data['experience'].apply(lambda x: x[2] if len(x) > 2 else x[1])"" ] }, { ""cell_type"": ""code"", ""execution_count"": 10, ""metadata"": {}, ""outputs"": [ { ""data"": { ""text/plain"": [ ""2 7301\n"", ""0 6340\n"", ""3"
"5343\n"", ""1 4490\n"", ""5 3329\n"", ""4 3135\n"", ""6 1530\n"", ""10 1430\n"", ""8 1292\n"", ""7 1048\n"", ""9 486\n"", ""12 315\n"", ""15 285\n"", ""Not 111\n"", ""11 75\n"", ""13 74\n"", ""14 63\n"", ""20 26\n"", ""18 25\n"", ""16 16\n"", ""17 6\n"", ""25"
"1\n"", ""26 1\n"", ""23 1\n"", ""Name: Min Experience, dtype: int64"" ] }, ""execution_count"": 10, ""metadata"": {}, ""output_type"": ""execute_result"" } ], ""source"": [ ""data['Min Experience'].value_counts()"" ] }, { ""cell_type"": ""code"","
"""execution_count"": 11, ""metadata"": {}, ""outputs"": [ { ""data"": { ""text/plain"": [ ""5 6458\n"", ""7 4494\n"", ""8 3740\n"", ""6 3303\n"", ""3 3233\n"", ""10 2860\n"", ""4 2664\n"", ""9 1815\n"", ""2 1597\n"", ""12 1085\n"", ""1 1064\n"", ""11"
"1059\n"", ""15 834\n"", ""13 682\n"", ""20 501\n"", ""0 358\n"", ""14 251\n"", ""18 134\n"", ""Mentioned 111\n"", ""16 109\n"", ""17 94\n"", ""22 85\n"", ""25 85\n"", ""19 27\n"", ""23 26\n"", ""24 20\n"", ""21 12\n"", ""30 11\n"", ""28 8\n"", ""-1 1\n"", ""27"
"1\n"", ""26 1\n"", ""Name: Max Experience, dtype: int64"" ] }, ""execution_count"": 11, ""metadata"": {}, ""output_type"": ""execute_result"" } ], ""source"": [ ""data['Max Experience'].value_counts()"" ] }, { ""cell_type"": ""code"","
"""execution_count"": 12, ""metadata"": {}, ""outputs"": [], ""source"": [ ""data['Min Experience'] = data['Min Experience'].replace('Not',0)\n"", ""data['Max Experience'] = data['Max Experience'].replace(('Mentioned','-1'),"
"(5,5))\n"", ""\n"", ""# lets convert thenm into numerical data types\n"", ""data['Min Experience'] = data['Min Experience'].astype('int')\n"", ""data['Max Experience'] = data['Max Experience'].astype('int')"" ] }, { ""cell_type"":"
"""code"", ""execution_count"": 13, ""metadata"": {}, ""outputs"": [ { ""data"": { ""image/png"":"
"""iVBORw0KGgoAAAANSUhEUgAAA4EAAAEiCAYAAABHvdelAAAABHNCSVQICAgIfAhkiAAAAAlwSFlzAAALEgAACxIB0t1+/AAAADh0RVh0U29mdHdhcmUAbWF0cGxvdGxpYiB2ZXJzaW9uMy4yLjEsIGh0dHA6Ly9tY"
"""text/plain"": [ """
""
""" ] }, ""metadata"": { ""needs_background"": ""light"" }, ""output_type"": ""display_data"" } ], ""source"": [ ""plt.rcParams['figure.figsize'] = (15, 4)\n"", ""\n"", ""plt.subplot(1, 2, 1)\n"", ""sns.countplot(data['Min Experience'],"
"palette = 'magma')\n"", ""plt.xticks(fontsize = 9)\n"", ""plt.ylabel(\"" \"")\n"", ""\n"", ""plt.subplot(1, 2, 2)\n"", ""sns.countplot(data['Max Experience'], palette = 'magma')\n"", ""plt.xticks(fontsize = 9)\n"", ""plt.ylabel(\"""
"\"")\n"", ""\n"", ""plt.suptitle('Distribution of Experience')\n"", ""plt.show()"" ] }, { ""cell_type"": ""code"", ""execution_count"": 14, ""metadata"": {}, ""outputs"": [ { ""data"": { ""text/plain"": [ ""0 UG: B.Tech/B.E. - Any"
"Specialization PG:Any Po...\n"", ""1 UG: B.Tech/B.E. - Any Specialization PG:MBA/PG...\n"", ""2 UG: Any Graduate - Any Specialization PG:Any P...\n"", ""3 UG: Any Graduate - Any Specialization PG:CA"
"Do...\n"", ""3 UG: Any Graduate - Any Specialization PG:CA Do...\n"", ""Name: education, dtype: object"" ] }, ""execution_count"": 14, ""metadata"": {}, ""output_type"": ""execute_result"" } ], ""source"": ["
"""data['education'][:5]"" ] }, { ""cell_type"": ""code"", ""execution_count"": 15, ""metadata"": {}, ""outputs"": [ { ""data"": { ""text/plain"": [ ""0"" ] }, ""execution_count"": 15, ""metadata"": {}, ""output_type"": ""execute_result"" } ],"
"""source"": [ ""data['education'] = data['education'].fillna('UG: Any Graduate - Any Specialization')\n"", ""data['education'].isnull().sum()"" ] }, { ""cell_type"": ""code"", ""execution_count"": 16, ""metadata"": {},"
"""outputs"": [ { ""data"": { ""text/plain"": [ ""Any 24216\n"", ""B.Tech/B.E. 8835\n"", ""B.Com 647\n"", ""B.Sc 544\n"", ""Diploma 441\n"", ""Graduation 397\n"", ""B.B.A 267\n"", ""B.A 240\n"", ""BCA 174\n"", ""MBBS 155\n"","
"""BDS 109\n"", ""B.Pharma 97\n"", ""Other 86\n"", ""B.Ed 85\n"", ""LLB 71\n"", ""- 54\n"", ""Not 54\n"", ""BHM 54\n"", ""Doctorate 49\n"", ""B.Arch 37\n"", ""B.Tech/B.E., 23\n"", ""B.Sc, 21\n"", ""Postgraduate 14\n"", ""PG:CA"
"10\n"", ""Doctorate:Doctorate 9\n"", ""B.Pharma, 7\n"", ""Diploma, 5\n"", ""B.Com, 5\n"", ""B.A, 3\n"", ""BCA, 3\n"", ""BVSC 3\n"", ""MBA/PGDM 2\n"", ""B.B.A, 2\n"", ""B.Des. 1\n"", ""PG:Other 1\n"", ""BAMS 1\n"", ""BFA 1\n"","
"""Name: Education, dtype: int64"" ] }, ""execution_count"": 16, ""metadata"": {}, ""output_type"": ""execute_result"" } ], ""source"": [ ""data['Education'] = data['education'].str.split(' ')\n"", ""data['Education'] ="
"data['Education'].apply(lambda x: x[1] if len(x) > 1 else x[0])\n"", ""\n"", ""data['Education'].value_counts(dropna = False)"" ] }, { ""cell_type"": ""code"", ""execution_count"": 17, ""metadata"": {}, ""outputs"": [ { ""data"":"
"{ ""text/plain"": [ ""Any 24216\n"", ""B.Tech 9464\n"", ""B.Com 652\n"", ""B.Sc 565\n"", ""Diploma 446\n"", ""B.B.A 267\n"", ""B.A 243\n"", ""BCA 177\n"", ""MBBS 155\n"", ""BDS 109\n"", ""B.Pharma 104\n"", ""B.Ed 85\n"","
"""LLB 71\n"", ""Doctorate 58\n"", ""BHM 54\n"", ""B.Arch 37\n"", ""CA 10\n"", ""BVSC 3\n"", ""BBA 2\n"", ""MBA 2\n"", ""B.Des. 1\n"", ""BFA 1\n"", ""BAMS 1\n"", ""Name: Education, dtype: int64"" ] }, ""execution_count"": 17,"
"""metadata"": {}, ""output_type"": ""execute_result"" } ], ""source"": [ ""# let's do some cleaning\n"", ""\n"", ""data['Education'] = data['Education'].replace(('B.Tech/B.E.','Graduation','Other','-"
"','Not','B.Tech/B.E.,','Postgraduate',\n"", "" 'PG:CA','Diploma,','B.Com,','B.Pharma,','B.A,','BCA,','B.Sc,','MBA/PGDM','B.B.A,',\n"", "" 'PG:Other','Doctorate:Doctorate','Post'),\n"", """
"('B.Tech','B.Tech','B.Tech','B.Tech','B.Tech','B.Tech','B.Tech',\n"", "" 'CA','Diploma','B.Com','B.Pharma','B.A','BCA','B.Sc','MBA','BBA',\n"", "" 'B.Tech','Doctorate','B.Tech'))\n"", ""\n"","
"""data['Education'].value_counts()"" ] }, { ""cell_type"": ""code"", ""execution_count"": 18, ""metadata"": {}, ""outputs"": [ { ""data"": { ""text/plain"": [ ""0 Media / Entertainment / Internet\n"", ""1 Advertising / PR / MR /"
"Event Management\n"", ""2 IT-Software / Software Services\n"", ""3 Banking / Financial Services / Broking\n"", ""3 Banking / Financial Services / Broking\n"", ""3 Banking / Financial Services / Broking\n"", ""3"
"Banking / Financial Services / Broking\n"", ""3 Banking / Financial Services / Broking\n"", ""4 IT-Software / Software Services\n"", ""5 IT-Software / Software Services\n"", ""Name: industry, dtype: object"" ] },"
"""execution_count"": 18, ""metadata"": {}, ""output_type"": ""execute_result"" } ], ""source"": [ ""data['industry'][:10]"" ] }, { ""cell_type"": ""code"", ""execution_count"": 19, ""metadata"": {}, ""outputs"": [ { ""data"": { ""text/plain"":"
"[ ""1"" ] }, ""execution_count"": 19, ""metadata"": {}, ""output_type"": ""execute_result"" } ], ""source"": [ ""data['industry'].isnull().sum()"" ] }, { ""cell_type"": ""code"", ""execution_count"": 20, ""metadata"": {}, ""outputs"": [ {"
"""data"": { ""text/plain"": [ ""0"" ] }, ""execution_count"": 20, ""metadata"": {}, ""output_type"": ""execute_result"" } ], ""source"": [ ""data['industry'] = data['industry'].fillna(data['industry'].mode()[0])\n"", ""\n"","
"""data['industry'].isnull().sum()"" ] }, { ""cell_type"": ""code"", ""execution_count"": 21, ""metadata"": {}, ""outputs"": [ { ""data"": { ""text/plain"": [ ""IT-Software 14696\n"", ""BPO 2321\n"", ""Banking 2113\n"", ""Education"
"1727\n"", ""Recruitment 1538\n"", ""Automobile 1171\n"", ""Internet 1025\n"", ""Pharma 1023\n"", ""Construction 953\n"", ""Medical 874\n"", ""Travel 733\n"", ""Industrial Products 608\n"", ""Accounting 548\n"", ""Other"
"548\n"", ""Strategy 518\n"", ""Advertising 472\n"", ""IT-Hardware & Networking 443\n"", ""FMCG 426\n"", ""Media 426\n"", ""Insurance 400\n"", ""Retail 371\n"", ""Oil and Gas 347\n"", ""Telecom/ISP / 316\n"", ""Real"
"Estate 306\n"", ""Consumer Electronics 268\n"", ""Semiconductors 249\n"", ""Electricals 243\n"", ""Textiles 194\n"", ""Courier 183\n"", ""KPO 156\n"", ""Chemicals 148\n"", ""NGO 126\n"", ""Telecom/ISP 118\n"","
"""Wellness 105\n"", ""Architecture 100\n"", ""Export 96\n"", ""Ceramics 83\n"", ""Facility Management 65\n"", ""Security 65\n"", ""Printing 62\n"", ""Agriculture 61\n"", ""Publishing 55\n"", ""Fresher 47\n"", ""Iron and Steel"
"45\n"", ""Shipping 39\n"", ""Aviation 38\n"", ""Legal 36\n"", ""Animation 36\n"", ""Gems 31\n"", ""Food Processing 28\n"", ""Government 25\n"", ""Heat Ventilation 23\n"", ""Office Equipment 23\n"", ""Medical Devices"
"16\n"", ""Water Treatment 15\n"", ""Fertilizers 15\n"", ""Tyres 8\n"", ""Glass 7\n"", ""Brewery 7\n"", ""Pulp and Paper 2\n"", ""Leather 1\n"", ""Broadcasting 1\n"", ""Name: Industry, dtype: int64"" ] }, ""metadata"": {},"
"""output_type"": ""display_data"" }, { ""data"": { ""image/png"":"
"""iVBORw0KGgoAAAANSUhEUgAAA5kAAAGwCAYAAAAjaqHxAAAABHNCSVQICAgIfAhkiAAAAAlwSFlzAAALEgAACxIB0t1+/AAAADh0RVh0U29mdHdhcmUAbWF0cGxvdGxpYiB2ZXJzaW9uMy4yLjEsIGh0dHA"
"""text/plain"": [ """
""
""" ] }, ""metadata"": { ""needs_background"": ""light"" }, ""output_type"": ""display_data"" } ], ""source"": [ ""data['Industry'] = data['industry'].str.split(' / ')\n"", ""data['Industry'] = data['Industry'].apply(lambda"
"x: x[0])\n"", ""\n"", ""display(data['Industry'].value_counts())\n"", ""\n"", ""plt.rcParams['figure.figsize'] = (15, 7)\n"", ""plt.title('Top Sectors for Jobs', fontsize = 20)\n"", ""sns.barplot(y ="
"data['Industry'].value_counts().head(10).index,\n"", "" x = data['Industry'].value_counts().head(10).values,\n"", "" palette = 'copper')\n"", ""plt.show()"" ] }, { ""cell_type"": ""code"", ""execution_count"":"
"22, ""metadata"": {}, ""outputs"": [ { ""data"": { ""text/plain"": [ ""0 ITES\n"", ""1 Marketing\n"", ""2 IT Software - Application Programming\n"", ""3 Accounts\n"", ""3 Accounts\n"", ""3 Accounts\n"", ""3"
"Accounts\n"", ""3 Accounts\n"", ""4 IT Software - Application Programming\n"", ""5 IT Software - Application Programming\n"", ""Name: skills, dtype: object"" ] }, ""execution_count"": 22, ""metadata"":"
"{}, ""output_type"": ""execute_result"" } ], ""source"": [ ""data['skills'].head(10)"" ] }, { ""cell_type"": ""code"", ""execution_count"": 23, ""metadata"": {}, ""outputs"": [ { ""data"": { ""text/plain"": [ ""0"" ] },"
"""execution_count"": 23, ""metadata"": {}, ""output_type"": ""execute_result"" } ], ""source"": [ ""data['skills'] = data['skills'].fillna(data['skills'].mode()[0])\n"", ""data['skills'].isnull().sum()"" ] }, { ""cell_type"":"
"""code"", ""execution_count"": 24, ""metadata"": {}, ""outputs"": [ { ""data"": { ""text/plain"": [ ""Application Programming 9985\n"", ""Sales 5933\n"", ""ITES 2953\n"", ""Production 1587\n"", ""Accounts 1539\n"","
"""HR 1455\n"", ""Teaching 1351\n"", ""Marketing 1328\n"", ""Medical 818\n"", ""Financial Services 751\n"", ""Site Engineering 672\n"", ""Other 634\n"", ""Engineering Design 624\n"", ""ERP 564\n"","
"""eCommerce 530\n"", ""Network Administration 507\n"", ""QA & Testing 479\n"", ""IT Hardware 466\n"", ""Journalism 427\n"", ""DBA 424\n"", ""Supply Chain 379\n"", ""Embedded 368\n"", ""Design"
"343\n"", ""Hotels 275\n"", ""System Programming 263\n"", ""Mobile 255\n"", ""Analytics & Business Intelligence 251\n"", ""Executive Assistant 239\n"", ""Travel 201\n"", ""Telecom Software 172\n"","
"""Strategy 137\n"", ""Legal 119\n"", ""Top Management 116\n"", ""Client/Server Programming 101\n"", ""Export 97\n"", ""Architecture 83\n"", ""Fashion Designing 83\n"", ""Systems 64\n"", ""TV 42\n"","
"""Middleware 34\n"", ""Defence Forces 28\n"", ""Mainframe 22\n"", ""Packaging 14\n"", ""Beauty/Fitness/Spa Services 7\n"", ""Shipping 3\n"", ""Name: Skills, dtype: int64"" ] }, ""metadata"": {},"
"""output_type"": ""display_data"" }, { ""data"": { ""image/png"":"
"""iVBORw0KGgoAAAANSUhEUgAAA5cAAAGQCAYAAAA6D5R0AAAABHNCSVQICAgIfAhkiAAAAAlwSFlzAAALEgAACxIB0t1+/AAAADh0RVh0U29mdHdhcmUAbWF0cGxvdGxpYiB2ZXJzaW9uMy4yLjEsIG"
"""text/plain"": [ """
""
""" ] }, ""metadata"": { ""needs_background"": ""light"" }, ""output_type"": ""display_data"" } ], ""source"": [ ""data['Skills'] = data['skills'].str.split(\"" - \"")\n"", ""data['Skills'] ="
"data['Skills'].apply(lambda x: x[1] if len(x) > 1 else x[0])\n"", ""display(data['Skills'].value_counts())\n"", ""\n"", ""plt.rcParams['figure.figsize'] = (15, 4)\n"", ""plt.title('Requirement of Overall"
"Skills', fontsize = 20)\n"", ""data['Skills'].value_counts().head(25).plot(kind = 'bar', color = 'black')\n"", ""plt.grid()\n"", ""plt.yticks(fontsize = 15)\n"", ""plt.ylabel(\"" \"")\n"", ""plt.xlabel(\"" \"")\n"","
"""plt.show()"" ] }, { ""cell_type"": ""code"", ""execution_count"": 25, ""metadata"": {}, ""outputs"": [ { ""data"": { ""text/plain"": [ ""company 0\n"", ""education 0\n"", ""experience 0\n"", ""industry 0\n"","
"""jobdescription 0\n"", ""jobid 0\n"", ""joblocation_address 0\n"", ""jobtitle 0\n"", ""numberofpositions 27829\n"", ""payrate 93\n"", ""postdate 29\n"", ""site_name 31217\n"", ""skills 0\n"", ""uniq_id"
"0\n"", ""joblocation_adress 0\n"", ""Min Experience 0\n"", ""Max Experience 0\n"", ""Education 0\n"", ""Industry 0\n"", ""Skills 0\n"", ""dtype: int64"" ] }, ""execution_count"": 25, ""metadata"": {},"
"""output_type"": ""execute_result"" } ], ""source"": [ ""data.isnull().sum()"" ] }, { ""cell_type"": ""code"", ""execution_count"": 26, ""metadata"": {}, ""outputs"": [ { ""data"": { ""text/plain"": [ ""0"" ] },"
"""execution_count"": 26, ""metadata"": {}, ""output_type"": ""execute_result"" } ], ""source"": [ ""data['numberofpositions'] = data['numberofpositions'].fillna(1)\n"", ""data['numberofpositions'] ="
"data['numberofpositions'].astype('int')\n"", ""\n"", ""# If the job post date and pay rate is missing it is useless, so lets remove the records where jobppostdate is not mentioned\n"","
"""data = data.dropna()\n"", ""data.isnull().sum().sum()"" ] }, { ""cell_type"": ""code"", ""execution_count"": null, ""metadata"": {}, ""outputs"": [], ""source"": [] } ], ""metadata"": { ""kernelspec"": {"
"""display_name"": ""Python 3"", ""language"": ""python"", ""name"": ""python3"" }, ""language_info"": { ""codemirror_mode"": { ""name"": ""ipython"", ""version"": 3 }, ""file_extension"": "".py"","
"""mimetype"": ""text/x-python"", ""name"": ""python"", ""nbconvert_exporter"": ""python"", ""pygments_lexer"": ""ipython3"", ""version"": ""3.6.8"" } }, ""nbformat"": 4, ""nbformat_minor"": 4 }"
""
